<meta>
	<info type="gamemode" author="Benxamix2" name="Zombie Apocalypse" version="0.9.3" />
	<script src="client.lua" type="client" />
	<script src="server.lua" type="server" />
	<script src="login.serv.lua" type="server" />
	<script src="login.client.lua" type="client" />
	<script src="shop_sr.lua" type="server" />
	<script src="shop_cl.lua" type="client" />
	<script src="zkillreward.lua" type="server" />
	<file src="images/login.png" />
	<include resource="zombies" />
	<include resource="blood" />
      <include resource="bank" />
	<map src="ZA.map" dimension="0" />
	<settings>
		<setting name="#minplayers" value="[ 0 ]" />
		<setting name="#maxplayers" value="[ 32 ]" />
		<setting name="#gravity" value="[ 0.008000 ]" />
		<setting name="#weather" value="[ 0 ]" />
		<setting name="#time" value="0:0" />
		<setting name="#locked_time" value="[ true ]" />
		<setting name="#waveheight" value="[ 0 ]" />
		<setting name="#gamespeed" value="[ 1 ]" />
	</settings>
</meta>