<catalog type="skin">		
	<group name="Beach">
		<skin model="18" name="Black Beachguy" keywords="shorts,guy,male,barefoot,necklace,jewelry,glasses,sunglasses,earrings,topless,shirtless"/>
		<skin model="45" name="Beach Mustache" keywords="topless,shirtless,shorts,necklace,jewelry,sunglasses,glasses,shoeless,barefoot,white,guy,male"/>
		<skin model="92" name="Rollergirl" keywords="blades,rollerblades,skates,bikini,thong,bandana,glasses,sunglasses,white,girl,woman"/>
		<skin model="96" name="Soccer Player" keywords="tall,white,guy,male,stripes,stripe,striped,shorts"/>
		<skin model="97" name="Baywatch Dude" keywords="shorts,topless,shirtless,beach,lifeguard,shoeless,barefoot,guy,male,white"/>
		<skin model="138" name="Bikini Tattoo" keywords="shades,glasses,swimsuit,white,girl,woman,beach"/>
		<skin model="139" name="Yellow Bikini" keywords="swimsuit,black,girl,woman,beach"/>
		<skin model="140" name="Buxom Bikini" keywords="tits,breasts,glasses,black,girl,woman,bikini"/>
		<skin model="154" name="Beach Blonde" keywords="guy,male,white,shorts,swim"/>
		<skin model="251" name="Lifeguard" keywords="baywatch,pamela,anderson,swimsuit,bikini,swim,beach,white,girl,woman"/>
		<skin model="252" name="Naked Freak" keywords="underwear,topless,shirtless,pantsless,shoeless,barefoot,hearts,boxers,skinny,weird,mutant,deform,mustache,beard,white,guy,male"/>
	</group>
	<group name="Casual Generics">
		<skin model="7" name="Casual Jeanjacket" keywords="khakis,jean,jacket,belt,black,guy,male"/>
		<skin model="10" name="Old Fat Lady" keywords="grey,dress,girl,woman,heavy,fat,black,sweater,old"/>
		<skin model="14" name="Floral Shirt" keywords="flowers,floral,bald,old,mustache,beard,old,guy,male"/>
		<skin model="15" name="Plaid Baldy" keywords="bald,mustache,beard,old,guy,male"/>
		<skin model="20" name="Fresh Prince" keywords="will,smith,yellow,black,guy,male"/>
		<skin model="23" name="Skater Kid" keywords="dog,base,5,shorts,hat,baseball,goatee,base5,white,guy,male"/>	
		<skin model="32" name="Eyepatch" keywords="eye,patch,hat,baseball,old,white,guy,male"/>
		<skin model="39" name="Old Maid" keywords="dress,sweater,fat,heavy,old,white,immigrant,bandana,girl,woman"/>
		<skin model="53" name="Golf Lady" keywords="visor,golfer,shorts,girl,woman,old,heavy,fat"/>
		<skin model="54" name="Hispanic Woman" keywords="dress,mexican,girl,woman,old,heavy,fat"/>
		<skin model="56" name="Legwarmers 1" keywords="white,socks,girl,woman,arm,bracelet,legwarmer,jewelry"/>
		<skin model="58" name="Chinese Plaid" keywords="old,china,oriental,guy,male,"/>
		<skin model="60" name="Chinese Casual" keywords="china,chinese,oriental,guy,male"/>
		<skin model="62" name="Pajama Man 1" keywords="guy,male,pajamas,PJs,sleep,old,bald,white"/>
		<skin model="69" name="Denim Girl" keywords="jeans,black,girl,woman"/>
		<skin model="72" name="Bearded Hippie" keywords="white,guy,male,beard,mustache,necklace,plaid,hippy,jewelry"/>
		<skin model="88" name="Casual Old Lady" keywords="shorts,white,girl,woman,fat,heavy,golf,golfer"/>
		<skin model="93" name="Hoop Earrings 1" keywords="jewelry,white,girl,woman,bracelet"/>
		<skin model="101" name="Jacket Hippie" keywords="hippy,stoner,white,guy,male,casual,"/>
		<skin model="136" name="Old Rasta" keywords="rastafarian,jamaica,beard,mustache,black,guy,male"/>
		<skin model="142" name="African 1" keywords="black,guy,male,africa,beard,mustache,hat"/>
		<skin model="143" name="Sam Jackson" keywords="black,guy,male,hat,glasses,shades,button,Samuel"/>
		<skin model="170" name="PubeStache Tshirt" keywords="generic,guy,male,asian,oriental,chinese,beard,mustache"/>
		<skin model="182" name="Pajama Man 2" keywords="guy,male,pajamas,PJs,sleep,old,bald,cross,crucifix,christ,jesus,religious,religion,stripes,mustache,beard,black"/>
		<skin model="184" name="Neckbeard" keywords="stripe.mustache,white,guy,male,beard"/>
		<skin model="188" name="Green Shirt" keywords="logo,white,guy,male"/>
		<skin model="215" name="Explorer" keywords="pithy,helmet,hat,explore,goodall,black,girl,woman,heels"/>
		<skin model="217" name="Staff Guy" keywords="store,clothing,cashier,clothes,white,guy,male,bartender,beard,mustache,bouncer"/>
		<skin model="218" name="Old Woman" keywords="elderly,fat,heavy,dress,plaid,bandana,hat,black,girl,woman"/>
		<skin model="220" name="African 2" keywords="black,guy,male,africa,beard,mustache,hat,shorts"/>
		<skin model="221" name="Beardo Casual" keywords="beard,mustache,black,guy,male"/>
		<skin model="222" name="Beardo Clubbing" keywords="beard,mustache,black,guy,male"/>
		<skin model="224" name="Elderly Asian 1" keywords="girl,woman,chinese,oriental,heels,bracelet,old,jewelry,flowers,floral"/>
		<skin model="225" name="Elderly Asian 2" keywords="girl,woman,chinese,oriental,heels,bracelet,old,jewelry,flowers,floral"/>
		<skin model="226" name="Legwarmers 2" keywords="white,socks,girl,woman,arm,bracelet,legwarmer,jewelry"/>
		<skin model="229" name="Asian Tourist" keywords="japanese,oriental,flowers,floral,tour,mustache,old,beard,bald"/>
		<skin model="231" name="Grannie" keywords="old,golf,shorts,heavy,fat,elderly,white,girl,woman"/>
		<skin model="232" name="Grouchy lady" keywords="plaid,old,fat,dress,ugly,bitch,white,girl,woman"/>
		<skin model="233" name="Hoop Earrings 2" keywords="belt,white,girl,woman,jewelry"/>
		<skin model="234" name="Buzzcut" keywords="army,vet,glasses,shades,old,elderly,white,guy,male"/>
		<skin model="236" name="Happy Old Man" keywords="plaid,checker,mustache,bald,elderly,guy,male"/>
		<skin model="250" name="Green Tshirt" keywords="white,guy,male,pubestache"/>
		<skin model="262" name="Pajama Man 2 b" keywords="guy,male,pajamas,PJs,sleep,old,bald,cross,crucifix,christ,jesus,religious,religion,stripes,mustache,beard,black"/>
	</group>	
	<group name="Celebrities">	
		<skin model="20" name="Fresh Prince" keywords="will,smith,yellow,black,guy,male"/>
		<skin model="91" name="Sharon Stone" keywords="basic,instinct,bracelet,rich,white,girl,woman,classy,heels"/>
		<skin model="143" name="Sam Jackson" keywords="black,guy,male,hat,glasses,shades,button,Samuel"/>
		<skin model="147" name="Sigmund Freud" keywords="therapist,shrink,psycho,analyst,suit,business,formal,beard,mustache,white,guy,male"/>
		<skin model="156" name="Morgan Freeman" keywords="morgan,freeman,barbour,barber,hair,glasses,black,guy,male,blue"/>
		<skin model="240" name="Hugh Grant" keywords="vest,white,guy,male,formal"/>
		<skin model="251" name="Lifeguard" keywords="baywatch,pamela,anderson,swimsuit,bikini,swim,beach,white,girl,woman"/>
		<skin model="258" name="Joe Pesci" keywords="goodfellas,fat,heavy,checker,casual,white,guy,male,gangster"/>
		<skin model="259" name="Chris Penn" keywords="reservoir,dogs,gangster,casual,shorts,white,guy,male,heavy,fat"/>
	</group>
	<group name="Country">
		<skin model="31" name="Fat Cowgirl" keywords="cowboy,hat,heavy,boots,girl,woman,white"/>
		<skin model="33" name="Bounty Hunter" keywords="trench,long,black,cowboy,hat,flag,patriot,hanky,handkercheif,hanky,trenchcoat,white,guy,male"/>
		<skin model="34" name="Marlboro Man" keywords="cowboy,cigarette,smoke,hat,plaid,boots,belt,buckle,beard,mustache,guy,male,white"/>
		<skin model="44" name="Tatooed Plaid" keywords="checkers,mustache,tattoo,white,guy,male"/>
		<skin model="128" name="Native Rancher" keywords="eagle,ranch,indian,necklace,guy,male"/>
		<skin model="129" name="Native Librarian" keywords="old,girl,woman,dress,glasses,necklace,jewelry,grouchy,indian"/>
		<skin model="130" name="Native Ugly" keywords="pigtails,nose,ugly,indian,girl,woman,dress,fat,heavy"/>
		<skin model="131" name="Native Sexy" keywords="pigtails,heels,headband,indian,girl,woman,jewelry,bracelet"/>
		<skin model="132" name="Native Geezer" keywords="headband,bald,old,indian,guy,male,necklace,jewelry"/>
		<skin model="133" name="Furys Trucker" keywords="baseball,hat,mustache,beard,white,guy,male,logo"/>
		<skin model="157" name="Farmer Girl" keywords="overalls,redneck,white,girl,woman,shoeless,barefoot,straw"/>
		<skin model="158" name="Farmer" keywords="straw,overalls,redneck,white,guy,male,plaid,cowboy,hat"/>
		<skin model="159" name="Farmer Redneck" keywords="straw,hat,baseball,inbred,topless,shirtless,shoeless,barefoot,overalls,plaid,white,guy,male"/>
		<skin model="160" name="Bald Redneck" keywords="beard,mustache,shorts,hairy,plaid,old,white,guy,male"/>
		<skin model="161" name="Smoking Cowboy" keywords="redneck,hat,smoke,cigarette,plaid,white,guy,male"/>
		<skin model="162" name="Inbred" keywords="redneck,shirtless,topless,bald,ugly,white,guy,male,shoeless,barefoot"/>
		<skin model="196" name="Aunt May" keywords="old,ugly,dress,white,girl,woman,plaid"/>
		<skin model="197" name="Smoking Maid" keywords="smoke,cigarette,bandana,fat,heavy,old,ugly,white,girl,woman,plaid,dress"/>
		<skin model="198" name="Ranch Cowgirl" keywords="cowboy,farm,hat,necklace,jewelry,redneck,girl,woman,white"/>
		<skin model="199" name="Heidi" keywords="flowers,floral,dress,pigtails,fat,heavy,white,girl,woman,mole"/>
		<skin model="200" name="Hairy Redneck" keywords="overalls,shorts,shirtless,topless,hair,cigarette,smoke,white,guy,male,dirty,manbearpig"/>
		<skin model="201" name="Trucker Girl" keywords="bra,plaid,hat,baseball,white,girl,woman,redneck"/>
		<skin model="202" name="Beer Trucker" keywords="fleischberg,alchohol,hat,baseball,andreas,mustache,beard,guy,male,white"/>
		<skin model="236" name="Happy Old Man" keywords="plaid,checker,mustache,bald,elderly,guy,male"/>
		<skin model="261" name="Southerner" keywords="redneck,goatee,spinach,hat,racist,baseball,beard,white,guy,male,plaid"/>
	</group>
	<group name="Duplicates">
		<skin model="25" name="Varsity jacket" keywords="sports,black,guy,male,"/>
		<skin model="66" name="Varsity Bandits" keywords="sports,black,guy,male,bandit"/>
		<skin model="56" name="Legwarmers 1" keywords="white,socks,girl,woman,arm,bracelet,legwarmer,jewelry"/>
		<skin model="226" name="Legwarmers 2" keywords="white,socks,girl,woman,arm,bracelet,legwarmer,jewelry"/>
		<skin model="221" name="Beardo Casual" keywords="beard,mustache,black,guy,male"/>
		<skin model="222" name="Beardo Clubbing" keywords="beard,mustache,black,guy,male"/>
		<skin model="247" name="Biker Vest" keywords="tattoo,bandana,bike,snake,beard,mustache,leather,bracelet,cobra,white,guy,male"/>
		<skin model="254" name="Biker Vest b" keywords="tatoo,bandana,bike,snake,beard,mustache,leather,bracelet,cobra,white,guy,male"/>
	</group>
	<group name="Emergency Workers">
		<group name="Authorities">
			<skin model="71" name="Security Guard" keywords="white,guy,male,authority,hat,watch,walkie,talkie,holster,mustache,baseball,jewelry"/>
			<skin model="163" name="Casino Bouncer 1" keywords="agent,matrix,security,earpeice,walkie,communicator,headset,headphone,mic,suit,formal,casino,bald,black,guy,male"/>
			<skin model="164" name="Casino Bouncer 2" keywords="agent,matrix,security,earpeice,walkie,communicator,headset,headphone,mic,suit,formal,casino,beard,mustache,white,guy,male"/>
			<skin model="165" name="Agent Kay" keywords="MIB,men,glasses,government,secret,alien,suit,formal,shades,extraterestrial,tommy,lee,jones,white,guy,male"/>
			<skin model="166" name="Agent Jay" keywords="MIB,men,glasses,government,secret,alien,suit,formal,shades,extraterestrial,will,smith,fresh,prince,black,guy,male,mustache"/>
		</group>
		<group name="Firemen">
			<skin model="277" name="Fireman LS" keywords="fire,fighter,helmet,goggles,glasses,department,gloves,burn,white,guy,male"/>
			<skin model="278" name="Fireman LV" keywords="fire,fighter,helmet,goggles,glasses,department,gloves,burn,black,guy,male,mustache"/>
			<skin model="279" name="Fireman SF" keywords="fire,fighter,helmet,goggles,glasses,department,gloves,burn,white,guy,male,mustache"/>
		</group>
		<group name="Medics">
			<skin model="274" name="Medic 1" keywords="gloves,uniform,ambulance,driver,doctor,badge,firstaid,walkie,cpr,nurse,mustache,black,guy,male"/>
			<skin model="275" name="Medic 2" keywords="gloves,uniform,ambulance,driver,doctor,badge,firstaid,walkie,cpr,nurse,mustache,beard,hispanic,mexican,guy,male"/>
			<skin model="276" name="Medic 3" keywords="gloves,uniform,ambulance,driver,doctor,badge,firstaid,walkie,cpr,nurse,asian,oriental,chinese,guy,male"/>
		</group>
		<group name="Military">
			<skin model="73" name="Flag Bandana" keywords="white,guy,male,mustache,beard,army,camo,camouflage,patriot"/>
			<skin model="179" name="War Vet" keywords="army,military,mustache,beard,veteran,dogtag,white,guy,male"/>
			<skin model="287" name="Army" keywords="police,officer,pig,popo,authorit,gun,holster,badge,law,justice,uniform,walkie,troop,soldier,bandoleer,camo,hat,baseball,mustache,backpack,gloves,infantry,private"/>
		</group>
		<group name="Police">
			<skin model="190" name="Barbara Schternvart" keywords="girlfriend,date,cop,police,officer,girl,woman,black"/>
			<skin model="246" name="Cop Stripper" keywords="police,authority,officer,dance,strip,thong,corset,hat,badge,gloves,baton,stick,cuffs,walkie,collar,earrings,leather,heels,white,girl,woman"/>
			<skin model="280" name="Cop 1" keywords="police,officer,pig,popo,authorit,gun,holster,badge,law,justice,uniform,walkie,white,guy,male,patrol"/>
			<skin model="281" name="Cop 2" keywords="police,officer,pig,popo,authorit,gun,holster,badge,law,justice,uniform,walkie,white,guy,male,mustache,star,sheriff,patrol"/>
			<skin model="282" name="Cop 3" keywords="police,officer,pig,popo,authorit,gun,holster,badge,law,justice,uniform,walkie,white,guy,male,mustache,trooper,patrol"/>
			<skin model="283" name="Cop 4" keywords="police,officer,pig,popo,authorit,gun,holster,badge,law,justice,uniform,walkie,white,guy,male,star,sheriff,hat,cowboy,trooper,patrol"/>
			<skin model="284" name="Cop 5" keywords="police,officer,pig,popo,authorit,gun,holster,badge,law,justice,uniform,walkie,black,guy,male,star,sheriff,patrol,motorcycle,bike,glasses,shades,helmet,gloves,"/>
			<skin model="285" name="SWAT" keywords="police,officer,pig,popo,authorit,gun,holster,badge,law,justice,uniform,walkie,mask,helmet,goggles,gloves,tactic,special,ops,bulletproof,vest,riot"/>
			<skin model="286" name="FBI" keywords="police,officer,pig,popo,authorit,gun,holster,badge,law,justice,uniform,walkie,agent,nametag,jacket,suit"/>
			<skin model="288" name="Cop 6" keywords="police,officer,pig,popo,authorit,gun,holster,badge,law,justice,uniform,walkie,white,guy,male,star,sheriff,hat,cowboy,trooper,patrol"/>
		</group>
	</group>
	<group name="Fatties">
		<skin model="10" name="Old Fat Lady" keywords="grey,dress,girl,woman,heavy,fat,black,sweater,old"/>
		<skin model="31" name="Fat Cowgirl" keywords="cowboy,hat,heavy,boots,girl,woman,white"/>
		<skin model="38" name="Old Golf Lady" keywords="old,visor,hat,fat,heavy,shorts,girl,woman,white"/>
		<skin model="39" name="Old Maid" keywords="dress,sweater,fat,heavy,old,white,immigrant,bandana,girl,woman"/>
		<skin model="53" name="Golf Lady" keywords="visor,golfer,shorts,girl,woman,old,heavy,fat"/>
		<skin model="54" name="Hispanic Woman" keywords="dress,mexican,girl,woman,old,heavy,fat"/>
		<skin model="88" name="Casual Old Lady" keywords="shorts,white,girl,woman,fat,heavy,golf,golfer"/>
		<skin model="89" name="Cleaning Lady" keywords="old,dress,fat,heavy,girl,woman,hairband,white"/>
		<skin model="103" name="Balla Jacket" keywords="gang,member,bandana,black,guy,male,purple,baller"/>
		<skin model="105" name="Grove Sweater" keywords="street,families,gang,member,green,bandana,black,guy,male"/>
		<skin model="130" name="Native Ugly" keywords="pigtails,nose,ugly,indian,girl,woman,dress,fat,heavy"/>
		<skin model="151" name="Melanie" keywords="glasses,fat,ugly,nerd,emo,heavy,white,girl,woman"/>
		<skin model="182" name="Pajama Man 2" keywords="guy,male,pajamas,PJs,sleep,old,bald,cross,crucifix,christ,jesus,religious,religion,stripes,mustache,beard,black"/>
		<skin model="197" name="Smoking Maid" keywords="smoke,cigarette,bandana,fat,heavy,old,ugly,white,girl,woman,plaid,dress"/>
		<skin model="199" name="Heidi" keywords="flowers,floral,dress,pigtails,fat,heavy,white,girl,woman,mole"/>
		<skin model="207" name="Grove Booty" keywords="gang,member,green,black,girl,woman,fat,heavy"/>
		<skin model="218" name="Old Woman" keywords="elderly,fat,heavy,dress,plaid,bandana,hat,black,girl,woman"/>
		<skin model="231" name="Grannie" keywords="old,golf,shorts,heavy,fat,elderly,white,girl,woman"/>
		<skin model="232" name="Grouchy lady" keywords="plaid,old,fat,dress,ugly,bitch,white,girl,woman"/>
		<skin model="245" name="Ghetto Ho" keywords="fat,heavy,ugly,black,girl,woman,booty,heels"/>
		<skin model="258" name="Joe Pesci" keywords="goodfellas,fat,heavy,checker,casual,white,guy,male,gangster"/>
		<skin model="259" name="Chris Penn" keywords="reservoir,dogs,gangster,casual,shorts,white,guy,male,heavy,fat"/>
	</group>
	<group name="Formal Generics">
		<skin model="9" name="Business Lady" keywords="Suit,buttons,black,girl,woman,heavy,fat,old"/>
		<skin model="17" name="Black suit" keywords="business,tie,guy,male"/>
		<skin model="57" name="Chinese Businessman" keywords="suit,glasses,old,china,oriental,business,guy,male"/>
		<skin model="61" name="Pilot" keywords="airplane,plane,hat,suit,white,guy,male"/>
		<skin model="76" name="Businesswoman 1" keywords="hanky,bandana,suit,business,girl,woman,realestate,heels,formal"/>
		<skin model="141" name="Cute Librarian" keywords="business,suit,glasses,asian,chinese,oriental,girl,woman,heels,formal"/>
		<skin model="147" name="Sigmund Freud" keywords="therapist,shrink,psycho,analyst,suit,business,formal,beard,mustache,white,guy,male"/>
		<skin model="148" name="Businesswoman 2" keywords="suit,business,girl,woman,realestate,heels,formal,black"/>
		<skin model="149" name="Businesswoman 2 b" keywords="suit,business,girl,woman,realestate,heels,formal,black"/>
		<skin model="150" name="Businesswoman 3" keywords="suit,business,girl,woman,heels,pinstripe,formal,white"/>
		<skin model="169" name="Asian Escort " keywords="kimono,chinese,oriental,girl,woman,hooker,whore,prostitute,heels"/>
		<skin model="186" name="Teacher" keywords="suit,jacket,asian,chinese,oriental,guy,male"/>
		<skin model="187" name="Japanese Businessman 1" keywords="suit,formal,asian,oriental,pinstripe,business,guy,male"/>
		<skin model="219" name="Lady In Red" keywords="jacket,heels,black,girl,woman,realestate"/>
		<skin model="227" name="Japanese Businessman 2" keywords="suit,formal,asian,oriental,bald,business,guy,male"/>
		<skin model="228" name="Japanese Businessman 3" keywords="suit,formal,asian,oriental,business,guy,male"/>
		<skin model="255" name="Limo Driver" keywords="chauffeur,hat,suit,formal,mustache,uniform,white,guy,male,pilot,"/>
		<skin model="263" name="Asian Hostess" keywords="oriental,japanese,flowers,floral,kimono,heels,girl,woman"/>
	</group>
	<group name="Fighters">
		<skin model="49" name="Ninja Sensei" keywords="Japanese,japan,oriental,bald,old,kimono,dragon"/>
		<skin model="80" name="Red Boxer" keywords="black,bald,guy,male,fighter,gloves,shorts,topless,shirtless,boxing,box"/>
		<skin model="81" name="Blue Boxer" keywords="black,bald,guy,male,fighter,gloves,shorts,topless,shirtless,boxing,box,beard,mustache"/>
		<skin model="180" name="Bball Player" keywords="jersey,basketball,sport,beard,mustache,fade,black,guy,male"/>`
		<skin model="203" name="Ninja 1" keywords="martial,fighter,kimono,dojo,asian,japanese,oriental,kungfu,shoeless,barefoot,guy,male"/>
		<skin model="204" name="Ninja 2" keywords="martial,fighter,kimono,dojo,white,guy,male,kungfu,shoeless,barefoot,beard,mustache"/>
	</group>
	<group name="Gangs">
		<group name="Aztecas">
			<skin model="114" name="Aztecas Stripes" keywords="Varios,gang,member,mexican,hispanic,stripe,tattoo,mustache,beard,turquoise,blue,guy,male,bandana,headband"/>
			<skin model="115" name="Aztecas Jacket" keywords="Varios,gang,member,mexican,hispanic,glasses,cross,crucifix,religious,religion,baseball,hat,bandana,headband,mustache,beard,necklace,andreas,turquoise,blue,guy,male"/>
			<skin model="116" name="Aztecas Shorts" keywords="Varios,gang,member,mexican,hispanic,glasses,cross,crucifix,religious,religion,bandana,headband,mustache,beard,necklace,guy,male,tattoo,bald"/>
		</group>
		<group name="Ballas">
			<skin model="13" name="Homegirl" keywords="31,sport,hat,purple,girl,woman"/>
			<skin model="102" name="Balla Shirt" keywords="baller,gang,member,bandana,black,guy,male,shorts,purple,beard,mustache"/>
			<skin model="103" name="Balla Jacket" keywords="baller,gang,member,bandana,black,guy,male,purple"/>
			<skin model="104" name="Balla Sweater" keywords="baller,gang,member,glasses,sunglasses,black,guy,male,purple,hat,beanie,touque,"/>
		</group>
		<group name="Bikers">
			<skin model="100" name="Biker Blackshirt" keywords="glasses,gloves,necklace,jewelry,bike,tattoo,leather,vest,beard,mustache,snake,cobra"/>
			<skin model="247" name="Biker Vest" keywords="tattoo,bandana,bike,snake,beard,mustache,leather,bracelet,cobra,white,guy,male"/>
			<skin model="248" name="Biker Headband" keywords="gloves,bike,tatoo,leather,vest,beard,mustache,snake,cobra,bandana,chaps,white,guy,male"/>
			<skin model="254" name="Biker Vest b" keywords="tatoo,bandana,bike,snake,beard,mustache,leather,bracelet,cobra,white,guy,male"/>
		</group>
		<group name="Da Nang">
			<skin model="121" name="Da Nang Army" keywords="vietnamese,oriental,gang,member,guy,male,tattoo,bald,boys"/>
			<skin model="122" name="Da Nang Bandana" keywords="vietnamese,oriental,gang,member,guy,male,tattoo,bandana,wristband,bracelet,hat,boys"/>
			<skin model="123" name="Da Nang Shades" keywords="vietnamese,oriental,gang,member,guy,male,flowers,floral,beard,glasses,boys,kimono"/>
		</group>
		<group name="Grove">
			<skin model="0" name="CJ" keywords="Carl,Johnson,black,jeans,guy,male"/>
			<skin model="105" name="Grove Sweater" keywords="street,families,gang,member,green,bandana,black,guy,male"/>
			<skin model="106" name="Grove Topbutton" keywords="street,families,gang,member,green,dreadlocks,plaid,black,guy,male"/>
			<skin model="107" name="Grove Jersey" keywords="street,families,gang,member,green,black,guy,male,7,hat,baseball,basketball,sport,sports,watch,necklace,jewelry,religion,religious,christian,cross,crucifix,tattoo"/>
			<skin model="207" name="Grove Booty" keywords="gang,member,green,black,girl,woman,fat,heavy"/>
		</group>
		<group name="Mafia">
			<skin model="125" name="Mafia Enforcer" keywords="jacket,mustache,beard,mob,gang,member,white,guy,male"/>
			<skin model="126" name="Mafia Wiseguy" keywords="beard,guy,male,white,mob,gang,member,necklace,jewelry"/>
			<skin model="127" name="Mafia Hitman" keywords="gloves,jacket,assassin,mob,gang,member,white,guy,male"/>
		</group>
		<group name="Rifa">
			<skin model="173" name="Rifa Hat" keywords="fierro,gang,member,mendez,mexican,hispanic,blue,turquoise,bandana,headband,guy,male,hat,mustache,suspenders"/>
			<skin model="174" name="Rifa Vest" keywords="fierro,gang,member,mendez,mexican,hispanic,blue,turquoise,bandana,headband,guy,male,cross,religion,religious,crucifix,necklace,tattoo,shades,glasses,mustache,beard"/>
			<skin model="175" name="Rifa Suspenders" keywords="fierro,gang,member,mendez,mexican,hispanic,blue,turquoise,bandana,headband,guy,male,mustache,tatoo"/>
		</group>
		<group name="Russians">
			<skin model="111" name="Russian Muscle" keywords="mob,mafia,enforcer,suit,business,white,guy,male,gang,member,"/>
			<skin model="112" name="Russian Hitman" keywords="mob,mafia,leather,jacket,white,guy,male,bald,gang,member,mustache,assassin"/>
			<skin model="113" name="Russian Boss" keywords="mob,suit,mafia,business,white,guy,male,mustache,beard,formal,gang,member"/>
		</group>
		<group name="Sindacco">
			<skin model="120" name="Sindacco Suit" keywords="mafia,mob,gang,member,suit,formal,family,beard,guy,male"/>
			<skin model="124" name="Sindacco Muscle" keywords="mafia,mob,gang,member,guy,male,watch,mustache"/>
		</group>
		<group name="Triad">
			<skin model="117" name="Triad 1" keywords="asian,chinese,oriental,yakuza,suit,gang,member,mountain,cloud,gecko,tong,guy,male"/>
			<skin model="118" name="Triad 2" keywords="asian,chinese,oriental,yakuza,suit,gang,member,mountain,cloud,gecko,tong,guy,male"/>
			<skin model="119" name="Triad 3" keywords="asian,chinese,oriental,yakuza,suit,gang,member,mountain,cloud,gecko,tong,guy,male"/>
		</group>
		<group name="Vagos">
			<skin model="108" name="Vagos Topless" keywords="shirtless,gang,member,yellow,headband,bandana,tatoo,tatoos,tatooed,jesus,religious,religion,christian,grim,reaper,beard,mustache,hispanic,mexican,guy,male"/>
			<skin model="109" name="Vagos Pants" keywords="gang,yellow,headband,bandana,tattoo,member,beard,mustache,hispanic,mexican,guy,male"/>
			<skin model="110" name="Vagos Shorts" keywords="gang,yellow,headband,bandana,tattoo,member,beard,mustache,hispanic,mexican,guy,male,shorts,necklace,jewelry,cross,religion,religious,crucifix,christian"/>
		</group>
	</group>
	<group name="Gangstas">
		<skin model="19" name="Beach Gangsta" keywords="red,necklace,jewelry,hat,gilligan,shirtless,topless,black,guy,male,watch"/>
		<skin model="21" name="Striped Gangsta" keywords="stripes,necklace,watch,shorts,black,guy,male"/>
		<skin model="22" name="Orange Sportsman" keywords="12,sports,gilligan,black,guy,male,mustache,hat,tracksuit"/>
		<skin model="28" name="Black Dealer" keywords="drug,drugs,necklace,chain,jewelry,bracelet,guy,male,beard,mustache,hat"/>
		<skin model="29" name="White Dealer" keywords="drug,drugs,hood,hooded,rockstar,hat,baseball,"/>
		<skin model="30" name="Religious Essey" keywords="hispanic,mexican,cross,necklace,jewelry,tattoo,beard,mustache,sunglasses,crucifix,glasses,hat,guy,male,"/>
		<skin model="47" name="Top Button Essey" keywords="religious, cross,necklace,plaid,mustache,glasses,sunglasses,hispanic,mexican,crucifix,guy,male"/>
		<skin model="67" name="Red Bandana" keywords="black,guy,male,sweater,"/>
		<skin model="143" name="Sam Jackson" keywords="black,guy,male,hat,glasses,shades,button,Samuel"/>
		<skin model="241" name="Afro Brother" keywords="fat,heavy,shades,glasses,tattoo,shorts,mustache,topless,shirtless,white,guy,male"/>
		<skin model="242" name="Dreadlock Brother" keywords="fat,heavy,shades,glasses,tattoo,shorts,mustache,beard,wpc,hat,"/>
		<skin model="243" name="Ghetto Booty" keywords="black,girl,woman,heavy,fat,heels,trashy"/>
	</group>
	<group name="Girlfriends">
		<skin model="190" name="Barbara Schternvart" keywords="girlfriend,date,cop,police,officer,girl,woman,black"/>
		<skin model="191" name="Helena Wankstein" keywords="girlfriend,date,country,farm,bandito,white,girl,woman"/>
		<skin model="192" name="Michelle Cannes" keywords="girlfriend,date,speed,driver,racer,dreadlocks,bracelet,white,girl,woman"/>
		<skin model="193" name="Katie Zhan" keywords="girlfriend,date,asian,chinese,oriental,pigtails,girl,woman,martial"/>
		<skin model="194" name="Millie Perkins" keywords="casino,cards,blackjack,poker,roulette,waiter,server,bowtie,suit,formal,white,girl,woman,girlfriend,date,kinky,bondage,leather,sadist,masochist"/>
		<skin model="195" name="Denise Robinson" keywords="girlfriend,date,88,growler,bandana,black,girl,woman,jersey,sports,basketball"/>
	</group>
	<group name="Homeless">
		<skin model="77" name="Bag Lady" keywords="hat,homeless,bum,torn,dirty,fat,heavy,ripped,girl,woman,white"/>
		<skin model="78" name="Homeless Scarf" keywords="plaid,beard,bum,mustache,hat,baseball,wound,bandana,dirty,gloves,white,guy,male"/>
		<skin model="79" name="Fat Homeless" keywords="scarf,hat,vest,gloves,dirty,heavy,beard,mustache,white,guy,male"/>
		<skin model="95" name="Poor Old Man" keywords="ripped,torn,white,guy,male,mustache,white,guy,male"/>
		<skin model="134" name="Homeless Smoker" keywords="torn,dirty,black,guy,male,smoke,cigarette,baseball"/>
		<skin model="135" name="Skullcap Hobo" keywords="hairy,dirty,topless,shirtless,jacket,beard,mustache,shorts,homeless,guy,male,bum,tramp"/>
		<skin model="137" name="Boxhead" keywords="box,hat,bannman,cardboard,sign,god,religion,religious,torn,dirty,homeless,bum,gloves,playing,bandage,ripped,crazy,nut,keep,out,white,guy,male"/>
		<skin model="200" name="Hairy Redneck" keywords="overalls,shorts,shirtless,topless,hair,cigarette,smoke,white,guy,male,dirty,manbearpig"/>
		<skin model="212" name="Tin Foil Hat" keywords="paranoid,conspiracy,brainwaves,torn,shorts,ripped,dirty,sign,gambler,poor,bet,food,cardboard,mustache,beard,flowers,floral,homeless,bum,tramp,hobo,white,guy,male"/>
		<skin model="213" name="Hobo Elvis" keywords="king,rock,impersonator,dirty,old,fat,homeless,ripped,torn,hairy,white,guy,male"/>
		<skin model="230" name="Hooded Hobo" keywords="weel,pot,drug,addict,sign,cardboard,beard,mustache,shorts,shoeless,barefoot,bandages,homeless,bum"/>
	</group>
	<group name="Nightclubbers">
		<skin model="43" name="Porn Producer" keywords="Greasy,watch,necklace,jewelry,sunglasses,glasses,silk,manager,mustache,beard,white,guy,male"/>
		<skin model="46" name="Dark Romeo" keywords="necklace,bracelet,guy,male,mustache,beard"/>
		<skin model="59" name="Chinese Romeo" keywords="china,oriental,tall,stripes,striped,stripe,guy,male"/>
		<skin model="185" name="Nervous Guy" keywords="stripe,shades,glasses,worried,mustache,beard,black,guy,male"/>
		<skin model="223" name="Greasy Nightclubber" keywords="slick,necklace,watch,gold,grease,white,guy,male"/>
		<skin model="240" name="Hugh Grant" keywords="vest,white,guy,male,formal"/>
	</group>
	<group name="Sex Industry">
		<skin model="43" name="Porn Producer" keywords="Greasy,watch,necklace,jewelry,sunglasses,glasses,silk,manager,mustache,beard,white,guy,male"/>
		<skin model="63" name="Trashy Hooker" keywords="prostitute,whore,black,kneehigh,heels,bikini"/>
		<skin model="64" name="Transvestite" keywords="makeup,heels,ugly,bracelet,jewelry,transgender,gross,heels"/>
		<skin model="75" name="Skanky Hooker" keywords="ugly,white,girl,woman,smoker,cigarette,smoke,gross,std,whore,prostitute,skank,heels"/>
		<skin model="85" name="Furcoat Hooker" keywords="prostitute,whore,coat,heels,mink,white,girl,woman"/>
		<skin model="87" name="Firecrotch" keywords="stripper,dancer,tattoo,bikini,flower,floral,white,girl,woman,thong,heels"/>

		<skin model="90" name="Barely Covered" keywords="bandana,white,girl,woman,hippie,hippy"/>
		<skin model="152" name="Schoolgirl 1" keywords="stripper,hooker,prostitute,whore,plaid,pigtails,heels,school,uniform,brittany,spears,white,girl,woman"/>
		<skin model="178" name="Masked Stripper" keywords="pasties,mask,bondage,bikini,corset,dancer,gloves,heels,collar,white,girl,woman"/>
		<skin model="237" name="Leopard Hooker" keywords="cat,spots,plaid,schoolgirl,heels,prostitute,whore,makeup"/>
		<skin model="238" name="Amazon" keywords="hooker,whore,prostitute,heels,black,girl,woman,heels"/>
		<skin model="244" name="Lace Stripper" keywords="dancer,underwear,strip,collar,bra,panties,lapdance,gloves,black,girl,woman,hoop,earrings,necklace,pearl,bow,heels"/>
		<skin model="245" name="Ghetto Ho" keywords="fat,heavy,ugly,black,girl,woman,booty,heels"/>
		<skin model="246" name="Cop Stripper" keywords="police,authority,officer,dance,strip,thong,corset,hat,badge,gloves,baton,stick,cuffs,walkie,collar,earrings,leather,heels,white,girl,woman"/>
		<skin model="249" name="Pimp" keywords="fur,coat,suit,glasses,shades,hat,beard,black,guy,male"/>
		<skin model="256" name="Shoolgirl 2" keywords="stripper,hooker,prostitute,whore,plaid,pigtails,heels,school,uniform,brittany,spears,braids,lace,black,girl,woman"/>
		<skin model="257" name="Bondage Girl" keywords="dog,collar,sadist,masochist,thong,leather,girdle,bustier,nipples,heels,corset,stripper,dancer,white,girl,woman"/>
	</group>
	<group name="Sports">
		<skin model="13" name="Homegirl" keywords="31,sport,hat,purple,girl,woman"/>
		<skin model="21" name="Striped Gangsta" keywords="stripes,necklace,watch,shorts,black,guy,male"/>
		<skin model="22" name="Orange Sportsman" keywords="12,sports,gilligan,black,guy,male,mustache,hat,tracksuit"/>
		<skin model="23" name="Skater Kid" keywords="dog,base,5,shorts,hat,baseball,goatee,base5,white,guy,male"/>
		<skin model="24" name="LS Coach" keywords="sport,hat,baseball,black,guy,male,mustache"/>
		<skin model="25" name="Varsity jacket" keywords="sports,black,guy,male,"/>
		<skin model="36" name="Mailman" keywords="baseball,hat,shorts,watch,mustache,white,guy,male"/>
		<skin model="51" name="Black Bicyclist" keywords="Helmet,hat,spandex,shorts,bike,bicycle,guy,male"/>
		<skin model="52" name="White Bicyclist" keywords="Helmet,hat,spandex,shorts,bike,bicycle,guy,male,nustache,beard"/>
		<skin model="53" name="Golf Lady" keywords="visor,golfer,shorts,girl,woman,old,heavy,fat"/>
		<skin model="66" name="Varsity Bandits" keywords="sports,black,guy,male,bandit"/>
		<skin model="80" name="Red Boxer" keywords="black,bald,guy,male,fighter,gloves,shorts,topless,shirtless,boxing,box"/>
		<skin model="81" name="Blue Boxer" keywords="black,bald,guy,male,fighter,gloves,shorts,topless,shirtless,boxing,box,beard,mustache"/>
		<skin model="92" name="Rollergirl" keywords="blades,rollerblades,skates,bikini,thong,bandana,glasses,sunglasses,white,girl,woman"/>
		<skin model="94" name="Andy Capp" keywords="golf,golfer,hat,old,white,guy,male,mustache"/>
		<skin model="96" name="Soccer Player" keywords="tall,white,guy,male,stripes,stripe,striped,shorts"/>
		<skin model="99" name="Rollerguy" keywords="rollerblades,blades,skates,skate,helmet,mustache,beard,spandex,glasses,sunglasses"/>
		<skin model="180" name="Bball Player" keywords="jersey,basketball,sport,beard,mustache,fade,black,guy,male"/>`
		<skin model="195" name="Denise Robinson" keywords="girlfriend,date,88,growler,bandana,black,girl,woman,jersey,sports,basketball"/>
	</group>
	<group name="Tough Guys">
		<skin model="0" name="CJ" keywords="Carl,Johnson,black,jeans,guy,male"/>
		<skin model="18" name="Black Beachguy" keywords="shorts,guy,male,barefoot,necklace,jewelry,glasses,sunglasses,earrings,topless,shirtless"/>
		<skin model="28" name="Black Dealer" keywords="drug,drugs,necklace,chain,jewelry,bracelet,guy,male,beard,mustache,hat"/>
		<skin model="30" name="Religious Essey" keywords="hispanic,mexican,cross,necklace,jewelry,tattoo,beard,mustache,sunglasses,crucifix,glasses,hat,guy,male,"/>
		<skin model="33" name="Bounty Hunter" keywords="trench,long,black,cowboy,hat,flag,patriot,hanky,handkercheif,hanky,trenchcoat,white,guy,male"/>
		<skin model="183" name="Klingon" keywords="dreadlocks,braids,plaid,angry,badass,beard,mustache,black,guy,male"/>
	</group>
	<group name="Tourists">
		<skin model="26" name="Hiker" keywords="blonde,shorts,backpack,cultist,tourist,pack,white,guy,male"/>
		<skin model="35" name="Fisherman" keywords="hat,pink,shorts,hat,white,guy,male,old,mustache,tourist"/>
		<skin model="37" name="Baseball Dad" keywords="hat,shorts,white,guy,male,watch"/>
		<skin model="38" name="Old Golf Lady" keywords="old,visor,hat,fat,heavy,shorts,girl,woman,white"/>
		<skin model="210" name="Sloppy Tourist" keywords="stripes,shirt,untucked,oriental,asian,chinese,guy,male"/>
		<skin model="235" name="Retired Tourist" keywords="dragon,tour,old,elderly,bald,asian,chinese,oriental,guy,male"/>
	</group>
	<group name="Wealthy">
		<skin model="12" name="Classy Gold Hooker" keywords="gold,necklace,bracelet,dress,girl,woman,whore,prostitute,jewelry,heels,black"/>
		<skin model="40" name="Classy Dark Hooker" keywords="necklace,whore,bracelet,jewelry,heels,black,girl,woman"/>
		<skin model="41" name="Tracksuit Girl" keywords="Hat,track,blue,floppy,girl,woman,white"/>
		<skin model="55" name="Rich Bitch" keywords="glasses,sunglasses,stripes,stripe,necklace,bracelet,jewelry,white,girl,woman,heels"/>
		<skin model="91" name="Sharon Stone" keywords="basic,instinct,bracelet,rich,white,girl,woman,classy,heels"/>
		<skin model="99" name="Rollerguy" keywords="rollerblades,blades,skates,skate,helmet,mustache,beard,spandex,glasses,sunglasses"/>
		<skin model="216" name="Turtleneck" keywords="bracelet,rich,heels,white,girl,woman,jewelry"/>
		<skin model="240" name="Hugh Grant" keywords="vest,white,guy,male,formal"/>
	</group>
	<group name="Weirdos">
		<skin model="75" name="Skanky Hooker" keywords="ugly,white,girl,woman,smoker,cigarette,smoke,gross,std,whore,prostitute,skank,heels"/>
		<skin model="137" name="Boxhead" keywords="box,hat,bannman,cardboard,sign,god,religion,religious,torn,dirty,homeless,bum,gloves,playing,bandage,ripped,crazy,nut,keep,out,white,guy,male"/>
		<skin model="151" name="Melanie" keywords="glasses,fat,ugly,nerd,emo,heavy,white,girl,woman"/>
		<skin model="167" name="Chicken" keywords="cluckin,bell,kfc,fried,fast,food,cock,taste,hat,costume,greasy,white,guy,male"/>
		<skin model="181" name="Punk" keywords="mohawk,anarchy,tatoo,vest,button,spike,bastards,leather"/>
		<skin model="212" name="Tin Foil Hat" keywords="paranoid,conspiracy,brainwaves,torn,shorts,ripped,dirty,sign,gambler,poor,bet,food,cardboard,mustache,beard,flowers,floral,homeless,bum,tramp,hobo,white,guy,male"/>
		<skin model="213" name="Hobo Elvis" keywords="king,rock,impersonator,dirty,old,fat,homeless,ripped,torn,hairy,white,guy,male"/>
		<skin model="230" name="Hooded Hobo" keywords="weel,pot,drug,addict,sign,cardboard,beard,mustache,shorts,shoeless,barefoot,bandages,homeless,bum,tramp"/>
		<skin model="241" name="Afro Brother" keywords="fat,heavy,shades,glasses,tattoo,shorts,mustache,topless,shirtless,white,guy,male"/>
		<skin model="242" name="Dreadlock Brother" keywords="fat,heavy,shades,glasses,tattoo,shorts,mustache,beard,wpc,hat,"/>
		<skin model="252" name="Naked Freak" keywords="underwear,topless,shirtless,pantsless,shoeless,barefoot,hearts,boxers,skinny,weird,mutant,deform,mustache,beard,white,guy,male"/>
		<skin model="264" name="Whoopee the Clown" keywords="scary,whoopie,icecream,cream,afro,nose,suspenders,tatoo,torn,ripped,sloppy,dirty,bowtie,stripe,beard,makeup"/>
	</group>
	<group name="Workers">
			<group name="Barbers">
			<skin model="156" name="Morgan Freeman" keywords="morgan,freeman,barbour,barber,hair,glasses,black,guy,male,blue"/>
			<skin model="176" name="Style Barber" keywords="blue,Blade,barbour,stylist,hair,black,guy,male,design,mustache"/>
			<skin model="177" name="Vanilla Ice Barber" keywords="blue,Vanwinkle,barbour,weird,hair,white,guy,male"/>
		</group>
		<group name="Career Workers">
			<skin model="61" name="Pilot" keywords="airplane,plane,hat,suit,white,guy,male"/>
			<skin model="68" name="Preist" keywords="suit,religious,old,bald,preacher,pastor,father,christian,mustache,guy,male"/>
			<skin model="70" name="Scientist" keywords="science,lab,military,beard,mustache,labcoat,research,army,doctor"/>
			<skin model="147" name="Sigmund Freud" keywords="therapist,shrink,psycho,analyst,suit,business,formal,beard,mustache,white,guy,male"/>
		</group>
		<group name="Casino Workers">
			<skin model="11" name="Card Dealer 1" keywords="bowtie,vest,black,girl,woman,casino,blackjack,roulette,poker"/>
			<skin model="82" name="Fatty Elvis" keywords="bandana,handkercheif,hanky,sunglasses,glasses,king,impersonator,rock,white,guy,male"/>
			<skin model="83" name="Whitesuit Elvis" keywords="black,guy,male,chest,king,rock,impersonator"/>
			<skin model="84" name="Bluesuit Elvis" keywords="black,guy,male,handkercheif,hanky,bandana,glasses,sunglasses,king,rock,impersonator,mustache"/>
			<skin model="163" name="Casino Bouncer 1" keywords="agent,matrix,security,earpeice,walkie,communicator,headset,headphone,mic,suit,formal,casino,bald,black,guy,male"/>
			<skin model="164" name="Casino Bouncer 2" keywords="agent,matrix,security,earpeice,walkie,communicator,headset,headphone,mic,suit,formal,casino,beard,mustache,white,guy,male"/>
			<skin model="169" name="Asian Escort " keywords="kimono,chinese,oriental,girl,woman,hooker,whore,prostitute,heels"/>
			<skin model="171" name="Card Dealer 2" keywords="casino,cards,blackjack,poker,roulette,waiter,server,bowtie,suit,formal,white,guy,male"/>
			<skin model="172" name="Card Dealer 3" keywords="casino,cards,blackjack,poker,roulette,waiter,server,bowtie,suit,formal,white,girl,woman"/>
			<skin model="189" name="Valet" keywords="vest,bowtie,beard,mustache,white,guy,male"/>
			<skin model="213" name="Hobo Elvis" keywords="king,rock,impersonator,dirty,old,fat,homeless,ripped,torn,hairy,white,guy,male"/>
			<skin model="214" name="Caligula Waitress" keywords="greek,trojan,greece,roman,toga,headband,ivy,ropes,bedsheet,server,heels,casino,waiter,bartender,black,girl,woman"/>
		</group>
		<group name="Construction Workers">
			<skin model="16" name="Earmuff Worker" keywords="orange,vest,headphones,airport,work,guy,male"/>
			<skin model="27" name="Construction 1" keywords="worker,hardhat,hat,tattoo,white,guy,male,beard,mustache"/>
			<skin model="153" name="Foreman" keywords="construction,worker,suit,formal,white,guy,male,helmet,hat,hardhat"/>
			<skin model="260" name="Construction 2" keywords="crew,orange,vest,gloves,helmet,hardhat,hat,worker,builder,mustache,beard,black,guy,male"/>
		</group>
		<group name="Drug Workers">
			<skin model="28" name="Black Dealer" keywords="drug,drugs,necklace,chain,jewelry,bracelet,guy,male,beard,mustache,hat"/>
			<skin model="29" name="White Dealer" keywords="drug,drugs,hood,hooded,rockstar,hat,baseball,"/>
			<skin model="144" name="Drug Worker 1" keywords="sars,mask,doctor,gas,breathe,cocaine,factory,black,guy,male"/>
			<skin model="145" name="Drug Worker 2" keywords="topless,bandaid,bikini,shirtless,sars,doctor,mask,gas,breath,cocaine,factory,white,girl,woman"/>
			<skin model="146" name="Drug Worker 3" keywords="topless,shorts,necklace,jewelry,sars,gas,doctor,mask,breathe,cocaine,factory,white,guy,male"/>
		</group>
		<group name="Food Workers">
			<skin model="155" name="Pizza Guy" keywords="delivery,stacked,uniform,baseball,hat,white,guy,male"/>
			<skin model="167" name="Chicken" keywords="cluckin,bell,kfc,fried,fast,food,cock,taste,hat,costume,greasy,white,guy,male"/>
			<skin model="168" name="Hotdog Vender" keywords="apron,dirty,hat,baseball,beard,mustache,cart,hairy,fat,heavy,black,guy,male"/>
			<skin model="205" name="Burger Girl" keywords="food,apron,hat,hamburger,shot,fast,server,fat,heavy,girl,woman,white,heels"/>
			<skin model="209" name="Noodle Vender" keywords="cart,apron,food,fast,hat,old,white,guy,male"/>
			<skin model="264" name="Whoopee the Clown" keywords="scary,whoopie,icecream,cream,afro,nose,suspenders,tatoo,torn,ripped,sloppy,dirty,bowtie,stripe,beard,makeup"/>
		</group>
		<group name="Other Workers">
			<skin model="36" name="Mailman" keywords="baseball,hat,shorts,watch,mustache,white,guy,male"/>
			<skin model="50" name="Mechanic" keywords="overalls,handkercheif,hanky,bandana,mustache,beard,white,guy,male,worker,greasemonkey"/>
			<skin model="71" name="Security Guard" keywords="white,guy,male,authority,hat,watch,walkie,talkie,holster,mustache,baseball,jewelry"/>
			<skin model="189" name="Valet" keywords="vest,bowtie,beard,mustache,white,guy,male"/>
			<skin model="211" name="Staff Girl" keywords="store,clothing,cashier,clothes,white,girl,woman,bartender"/>
			<skin model="217" name="Staff Guy" keywords="store,clothing,cashier,clothes,white,guy,male,bartender,beard,mustache,bouncer"/>
			<skin model="251" name="Lifeguard" keywords="baywatch,pamela,anderson,swimsuit,bikini,swim,beach,white,girl,woman"/>
			<skin model="253" name="Bus Driver" keywords="train,conductor,pilot,tram,trolly,chauffeur,uniform,hat,mustache,black,guy,male,suit,formal"/>
			<skin model="255" name="Limo Driver" keywords="chauffeur,hat,suit,formal,mustache,uniform,white,guy,male,pilot,"/>
		</group>
		<group name="Truckers">
			<skin model="128" name="Native Rancher" keywords="eagle,ranch,indian,necklace,guy,male"/>
			<skin model="133" name="Furys Trucker" keywords="baseball,hat,mustache,beard,white,guy,male,logo"/>
			<skin model="201" name="Trucker Girl" keywords="bra,plaid,hat,baseball,white,girl,woman,redneck"/>
			<skin model="202" name="Beer Trucker" keywords="fleischberg,alchohol,hat,baseball,andreas,mustache,beard,guy,male,white"/>
			<skin model="206" name="Money Trucker" keywords="white,guy,male,dollar,sign,tattoo,beard,mustache,bald"/>
		</group>
	</group>
</catalog>