<meta>
    <include resource="ajax" />
	<info author="" type="script" name="Performance stats" showInResourceBrowser="true" version="0.0.1" />
	<script src="performancebrowser.lua" type="server"/>

	<html src="main.htm" default="true"/>
	<html src="main.css" raw="true" />
	<html src="main.js" raw="true" />

	<export function="getHttpColumns" http="true" />
	<export function="getHttpRows" http="true" />
	<export function="setQuery" http="true" />
	<export function="getCategories" http="true" />
</meta>